{
  "override_latency_ms": 2487.7658207718378,
  "p50_ms": 683.5736331036856,
  "p95_ms": 2487.7658207718378,
  "p99_ms": 2487.7658207718378,
  "total_requests": 20,
  "successful_requests": 20,
  "errors": 0,
  "cache_hit_rate": 85.0,
  "fastpath_hit_rate": 65.0,
  "slo_compliance": {
    "p95_target_1_5s": false,
    "p99_target_2_0s": false
  },
  "timestamp": "2025-08-17T20:04:05.132640"
}